"TAXI_ID","TIME","LONGITUDE","LATITUDE","ANGLE","SPEED","STATUS"
1,"2022-05-09 10:00:00",118.08287,24.498635,,60.0,0
2,"2022-05-09 10:00:00",118.203028,24.491795,,60.0,0
3,"2022-05-09 10:00:00",118.147261,24.561226,,60.0,0
4,"2022-05-09 10:00:00",118.147261,24.561226,,60.0,0
5,"2022-05-09 10:00:00",117.880302,24.597763,,60.0,0
6,"2022-05-09 10:00:00",118.076923,24.510994,,60.0,0
7,"2022-05-09 10:00:00",117.919971,24.595134,,60.0,0
8,"2022-05-09 10:00:00",118.013682,24.469955,,60.0,0
9,"2022-05-09 10:00:00",117.880302,24.597763,,60.0,0
10,"2022-05-09 10:00:00",118.149937,24.629826,,60.0,0
11,"2022-05-09 10:00:00",118.053351,24.68237,,60.0,0
12,"2022-05-09 10:00:00",118.101069,24.586723,,60.0,0
13,"2022-05-09 10:00:00",118.156261,24.6293,,60.0,0
14,"2022-05-09 10:00:00",118.24011,24.692223,,60.0,0
15,"2022-05-09 10:00:00",118.158561,24.786866,,60.0,0
16,"2022-05-09 10:00:00",118.091296,24.754844,,60.0,0
17,"2022-05-09 10:00:00",118.156549,24.658137,,60.0,0
18,"2022-05-09 10:00:00",118.244422,24.549131,,60.0,0
19,"2022-05-09 10:00:00",118.374353,24.601052,,60.0,0
20,"2022-05-09 10:00:00",118.294439,24.678302,,60.0,0
21,"2022-05-09 10:00:00",118.18118,124.666744,,60.0,0
59,"2022-05-16 11:00:00",118.096232,24.639848,,87.0,1
60,"2022-05-13 06:00:00",118.100302,24.642286,,79.0,1
61,"2022-05-14 12:00:00",118.070291,24.662877,,76.0,1
62,"2022-05-15 09:00:00",118.080364,24.641054,,71.0,1
63,"2022-05-15 20:00:00",118.074291,24.639602,,74.0,1
64,"2022-05-15 18:00:00",118.092537,24.661971,,69.0,0
65,"2022-05-13 17:00:00",118.083132,24.648528,,71.0,1
66,"2022-05-13 22:00:00",118.087921,24.66052,,86.0,1
67,"2022-05-16 03:00:00",118.083579,24.667657,,64.0,0
68,"2022-05-16 12:00:00",118.084916,24.640881,,72.0,1
69,"2022-05-16 13:00:00",118.070651,24.644409,,81.0,1
70,"2022-05-15 23:00:00",118.099627,24.641794,,62.0,0
71,"2022-05-12 16:00:00",118.088873,24.627453,,63.0,0
72,"2022-05-13 00:00:00",118.074878,24.654981,,88.0,1
73,"2022-05-14 13:00:00",118.117847,24.630866,,89.0,1
74,"2022-05-16 10:00:00",118.066502,24.664607,,70.0,0
75,"2022-05-15 23:00:00",118.098633,24.634803,,83.0,1
76,"2022-05-13 05:00:00",118.065641,24.651555,,78.0,1
77,"2022-05-15 19:00:00",118.121577,24.631108,,87.0,1
78,"2022-05-16 18:00:00",118.08793,24.666246,,61.0,0
79,"2022-05-14 03:00:00",118.089484,24.658867,,69.0,0
80,"2022-05-12 21:00:00",118.076273,24.634758,,73.0,1
81,"2022-05-14 13:00:00",118.101901,24.636976,,83.0,1
82,"2022-05-16 18:00:00",118.099942,24.625619,,68.0,0
83,"2022-05-12 18:00:00",118.103225,24.62745,,75.0,1
84,"2022-05-16 00:00:00",118.064545,24.661373,,75.0,1
85,"2022-05-14 11:00:00",118.103823,24.637536,,73.0,1
86,"2022-05-16 17:00:00",118.102452,24.631867,,63.0,0
87,"2022-05-12 21:00:00",118.112305,24.676575,,62.0,0
88,"2022-05-16 18:00:00",118.066593,24.68326,,89.0,1
89,"2022-05-12 18:00:00",118.111636,24.659974,,74.0,1
90,"2022-05-16 02:00:00",118.080241,24.680802,,60.0,0
91,"2022-05-14 18:00:00",118.094993,24.680791,,65.0,0
92,"2022-05-13 03:00:00",118.078555,24.680833,,65.0,0
93,"2022-05-13 23:00:00",118.107363,24.661983,,82.0,1
94,"2022-05-13 01:00:00",118.108588,24.650898,,79.0,1
95,"2022-05-15 21:00:00",118.100085,24.667579,,67.0,0
96,"2022-05-12 19:00:00",118.065514,24.682276,,65.0,0
97,"2022-05-14 01:00:00",118.106478,24.654076,,62.0,0
98,"2022-05-14 07:00:00",118.105576,24.684462,,81.0,1
99,"2022-05-16 22:00:00",118.1123,24.641884,,69.0,0
100,"2022-05-14 06:00:00",118.104051,24.647576,,64.0,0
101,"2022-05-13 03:00:00",118.111197,24.682957,,85.0,1
102,"2022-05-15 12:00:00",118.06713,24.683445,,67.0,0
103,"2022-05-15 15:00:00",118.102583,24.653472,,71.0,1
104,"2022-05-14 06:00:00",118.098411,24.677258,,82.0,1
105,"2022-05-17 00:00:00",118.101542,24.662801,,87.0,1
106,"2022-05-14 19:00:00",118.109365,24.659875,,72.0,1
107,"2022-05-15 13:00:00",118.056753,24.679487,,68.0,0
108,"2022-05-15 23:00:00",118.108374,24.682986,,71.0,1
109,"2022-05-15 16:00:00",118.09216,24.668146,,61.0,0
110,"2022-05-13 04:00:00",118.105713,24.659731,,86.0,1
111,"2022-05-16 09:00:00",118.075601,24.682964,,61.0,0
112,"2022-05-14 22:00:00",118.141094,24.731574,,82.0,1
113,"2022-05-13 02:00:00",118.168145,24.735151,,64.0,0
114,"2022-05-13 08:00:00",118.144642,24.748253,,75.0,1
115,"2022-05-14 21:00:00",118.128683,24.721093,,81.0,1
116,"2022-05-16 23:00:00",118.165338,24.735149,,81.0,1
117,"2022-05-12 17:00:00",118.168394,24.709107,,62.0,0
118,"2022-05-15 06:00:00",118.144008,24.73322,,68.0,0
119,"2022-05-15 20:00:00",118.147956,24.712411,,74.0,1
120,"2022-05-15 20:00:00",118.1333,24.721773,,62.0,0
121,"2022-05-14 09:00:00",118.145869,24.71603,,84.0,1
122,"2022-05-17 00:00:00",118.13116,24.735484,,64.0,0
123,"2022-05-14 08:00:00",118.140093,24.706992,,86.0,1
124,"2022-05-13 06:00:00",118.17177,24.744085,,73.0,1
125,"2022-05-15 21:00:00",118.15089,24.709522,,68.0,0
126,"2022-05-17 05:00:00",118.127443,24.712848,,61.0,0
127,"2022-05-15 23:00:00",118.177719,24.712303,,83.0,1
128,"2022-05-15 18:00:00",118.180673,24.736517,,74.0,1
129,"2022-05-13 10:00:00",118.132369,24.708866,,72.0,1
130,"2022-05-12 11:00:00",118.163487,24.743389,,90.0,1
131,"2022-05-14 14:00:00",118.161175,24.718387,,71.0,1
132,"2022-05-13 05:00:00",118.168175,24.73786,,70.0,0
133,"2022-05-14 19:00:00",118.131779,24.725008,,86.0,1
134,"2022-05-16 23:00:00",118.12827,24.708505,,64.0,0
135,"2022-05-12 22:00:00",118.158045,24.746809,,61.0,0
136,"2022-05-16 09:00:00",118.129261,24.733655,,83.0,1
137,"2022-05-15 16:00:00",118.168282,24.717581,,90.0,1
138,"2022-05-16 21:00:00",118.180286,24.70267,,77.0,1
139,"2022-05-14 22:00:00",118.139788,24.739924,,84.0,1
140,"2022-05-16 12:00:00",118.139555,24.729597,,80.0,1
141,"2022-05-15 07:00:00",118.152193,24.698117,,75.0,1
142,"2022-05-14 14:00:00",118.134988,24.703027,,86.0,1
143,"2022-05-14 16:00:00",118.154168,24.699078,,89.0,1
144,"2022-05-17 05:00:00",118.13681,24.702982,,69.0,0
145,"2022-05-14 15:00:00",118.136016,24.702523,,68.0,0
146,"2022-05-14 02:00:00",118.154288,24.699549,,80.0,1
147,"2022-05-14 04:00:00",118.139803,24.699185,,63.0,0
148,"2022-05-16 01:00:00",118.149994,24.699803,,87.0,1
149,"2022-05-15 08:00:00",118.152334,24.690312,,61.0,0
150,"2022-05-16 03:00:00",118.135076,24.694026,,90.0,1
151,"2022-05-17 04:00:00",118.135476,24.687035,,62.0,0
152,"2022-05-15 03:00:00",118.143295,24.693635,,77.0,1
153,"2022-05-16 17:00:00",118.146767,24.692456,,78.0,1
154,"2022-05-15 18:00:00",118.149352,24.703825,,88.0,1
155,"2022-05-16 04:00:00",118.139814,24.696703,,70.0,0
156,"2022-05-16 03:00:00",118.134706,24.698195,,65.0,0
157,"2022-05-14 20:00:00",118.13682,24.701021,,87.0,1
158,"2022-05-13 08:00:00",118.157175,24.696551,,63.0,0
159,"2022-05-14 16:00:00",118.13689,24.685205,,77.0,1
160,"2022-05-15 23:00:00",118.147289,24.702662,,70.0,0
161,"2022-05-13 10:00:00",118.136045,24.697407,,66.0,0
162,"2022-05-16 19:00:00",118.147519,24.705159,,73.0,1
163,"2022-05-16 08:00:00",118.151375,24.705968,,67.0,0
164,"2022-05-13 19:00:00",118.145948,24.697936,,71.0,1
165,"2022-05-12 14:00:00",118.133635,24.699018,,61.0,0
166,"2022-05-14 04:00:00",118.135991,24.702615,,85.0,1
167,"2022-05-15 15:00:00",118.138757,24.690399,,64.0,0
168,"2022-05-13 04:00:00",118.146465,24.687739,,74.0,1
169,"2022-05-16 16:00:00",118.148887,24.704312,,78.0,1
170,"2022-05-16 07:00:00",118.140821,24.685925,,64.0,0
171,"2022-05-14 00:00:00",118.145558,24.688369,,74.0,1
172,"2022-05-13 20:00:00",118.151668,24.688326,,74.0,1
173,"2022-05-14 15:00:00",118.153927,24.702046,,65.0,0
174,"2022-05-14 06:00:00",118.135696,24.707055,,73.0,1
175,"2022-05-14 23:00:00",118.135087,24.690216,,68.0,0
176,"2022-05-14 14:00:00",118.139198,24.698563,,65.0,0
177,"2022-05-15 17:00:00",118.148768,24.697025,,88.0,1
178,"2022-05-17 07:00:00",118.142753,24.705996,,76.0,1
179,"2022-05-16 22:00:00",118.133571,24.70148,,72.0,1
180,"2022-05-15 06:00:00",118.142363,24.701161,,84.0,1
181,"2022-05-13 02:00:00",118.141534,24.705224,,73.0,1
182,"2022-05-17 06:00:00",118.146629,24.704797,,74.0,1
183,"2022-05-14 13:00:00",118.147633,24.694179,,85.0,1
184,"2022-05-13 14:00:00",118.143326,24.696724,,68.0,0
185,"2022-05-16 20:00:00",118.154814,24.706404,,70.0,0
186,"2022-05-16 00:00:00",118.15659,24.694661,,74.0,1
187,"2022-05-17 01:00:00",118.141409,24.70235,,79.0,1
188,"2022-05-14 20:00:00",118.154581,24.696305,,63.0,0
189,"2022-05-15 15:00:00",118.146234,24.700724,,73.0,1
190,"2022-05-16 07:00:00",118.134004,24.692711,,73.0,1
191,"2022-05-17 03:00:00",118.058156,24.565703,,60.0,0
192,"2022-05-14 08:00:00",118.056202,24.56463,,73.0,1
193,"2022-05-12 20:00:00",118.044549,24.565708,,70.0,0
194,"2022-05-13 20:00:00",118.041811,24.563291,,88.0,1
195,"2022-05-13 05:00:00",118.052129,24.558211,,90.0,1
196,"2022-05-17 04:00:00",118.060874,24.563326,,82.0,1
197,"2022-05-13 20:00:00",118.039528,24.565243,,72.0,1
198,"2022-05-15 04:00:00",118.049558,24.564957,,62.0,0
199,"2022-05-17 00:00:00",118.04994,24.562262,,80.0,1
200,"2022-05-17 02:00:00",118.045326,24.569473,,87.0,1
201,"2022-05-16 23:00:00",118.060412,24.569296,,89.0,1
202,"2022-05-16 01:00:00",118.059539,24.569259,,79.0,1
203,"2022-05-17 02:00:00",118.041673,24.559838,,71.0,1
204,"2022-05-14 18:00:00",118.045525,24.566518,,63.0,0
205,"2022-05-15 02:00:00",118.056034,24.563352,,63.0,0
206,"2022-05-13 17:00:00",118.040877,24.569401,,79.0,1
207,"2022-05-16 00:00:00",118.041407,24.568247,,66.0,0
208,"2022-05-16 10:00:00",118.049612,24.561465,,85.0,1
209,"2022-05-16 15:00:00",118.041641,24.562175,,86.0,1
210,"2022-05-16 13:00:00",118.047392,24.570084,,61.0,0
211,"2022-05-15 09:00:00",118.056001,24.559361,,72.0,1
212,"2022-05-14 22:00:00",118.04048,24.562678,,62.0,0
213,"2022-05-15 23:00:00",118.041948,24.564813,,63.0,0
214,"2022-05-12 15:00:00",118.114625,24.594114,,64.0,0
215,"2022-05-12 22:00:00",118.106272,24.600239,,73.0,1
216,"2022-05-14 07:00:00",118.109868,24.584423,,76.0,1
217,"2022-05-15 05:00:00",118.111546,24.589961,,63.0,0
218,"2022-05-15 20:00:00",118.104083,24.589645,,81.0,1
219,"2022-05-16 04:00:00",118.106433,24.583804,,69.0,0
220,"2022-05-15 20:00:00",118.107652,24.596088,,72.0,1
221,"2022-05-13 04:00:00",118.116388,24.58308,,84.0,1
222,"2022-05-16 01:00:00",118.104715,24.584889,,82.0,1
223,"2022-05-13 08:00:00",118.107291,24.585116,,84.0,1
224,"2022-05-16 00:00:00",118.110844,24.586705,,75.0,1
225,"2022-05-12 17:00:00",118.116239,24.591127,,80.0,1
226,"2022-05-13 01:00:00",118.107806,24.58138,,70.0,0
227,"2022-05-14 19:00:00",118.11497,24.582678,,63.0,0
228,"2022-05-17 07:00:00",118.106706,24.591232,,60.0,0
229,"2022-05-14 15:00:00",118.105746,24.600218,,73.0,1
230,"2022-05-13 23:00:00",118.112114,24.582891,,90.0,1
231,"2022-05-13 13:00:00",118.115066,24.591728,,89.0,1
232,"2022-05-13 07:00:00",118.115331,24.598891,,82.0,1
233,"2022-05-13 12:00:00",118.110745,24.58811,,81.0,1
234,"2022-05-15 05:00:00",118.111983,24.584217,,63.0,0
235,"2022-05-13 02:00:00",118.107198,24.586654,,66.0,0
236,"2022-05-12 11:00:00",118.116625,24.598172,,67.0,0
237,"2022-05-15 13:00:00",118.11588,24.592012,,77.0,1
238,"2022-05-13 00:00:00",118.100752,24.583293,,76.0,1
239,"2022-05-15 20:00:00",118.10598,24.589079,,64.0,0
240,"2022-05-12 20:00:00",118.116509,24.596363,,82.0,1
241,"2022-05-14 06:00:00",118.1025,24.596066,,86.0,1
242,"2022-05-15 09:00:00",118.106746,24.582264,,77.0,1
243,"2022-05-16 14:00:00",118.117287,24.594655,,60.0,0
244,"2022-05-14 11:00:00",118.117125,24.601549,,66.0,0
245,"2022-05-15 04:00:00",118.115525,24.586413,,76.0,1
246,"2022-05-14 23:00:00",118.104508,24.599867,,79.0,1
247,"2022-05-16 21:00:00",118.112263,24.588945,,62.0,0
248,"2022-05-17 01:00:00",118.103385,24.595982,,88.0,1
249,"2022-05-17 03:00:00",118.113536,24.59253,,80.0,1
250,"2022-05-17 05:00:00",118.100307,24.592949,,72.0,1
251,"2022-05-17 04:00:00",118.108321,24.590641,,68.0,0
252,"2022-05-16 18:00:00",118.116568,24.581834,,73.0,1
253,"2022-05-14 22:00:00",118.115034,24.588524,,62.0,0
254,"2022-05-16 22:00:00",118.105875,24.590369,,74.0,1
255,"2022-05-17 08:00:00",118.111859,24.583466,,73.0,1
256,"2022-05-13 12:00:00",118.111312,24.588726,,63.0,0
257,"2022-05-13 03:00:00",118.109403,24.601859,,81.0,1
258,"2022-05-12 17:00:00",118.116715,24.589755,,78.0,1
259,"2022-05-16 20:00:00",118.105356,24.593229,,71.0,1
260,"2022-05-13 13:00:00",118.115415,24.599857,,76.0,1
261,"2022-05-14 17:00:00",118.114501,24.5915,,87.0,1
262,"2022-05-15 16:00:00",118.105689,24.589918,,86.0,1
263,"2022-05-16 16:00:00",118.10384,24.587537,,89.0,1
264,"2022-05-13 23:00:00",118.114196,24.60028,,70.0,0
265,"2022-05-17 08:00:00",118.100327,24.585429,,81.0,1
266,"2022-05-17 09:00:00",118.106802,24.588138,,76.0,1
267,"2022-05-12 12:00:00",118.105727,24.587627,,84.0,1
268,"2022-05-12 21:00:00",118.105468,24.588099,,68.0,0
269,"2022-05-14 14:00:00",118.113535,24.588317,,83.0,1
270,"2022-05-16 20:00:00",118.115624,24.583172,,88.0,1
271,"2022-05-13 00:00:00",118.10669,24.589572,,82.0,1
272,"2022-05-17 01:00:00",118.100297,24.597252,,70.0,0
273,"2022-05-13 20:00:00",118.101777,24.600686,,64.0,0
274,"2022-05-15 14:00:00",118.104251,24.594228,,86.0,1
275,"2022-05-14 02:00:00",118.104236,24.599475,,62.0,0
276,"2022-05-16 04:00:00",118.102142,24.581226,,71.0,1
277,"2022-05-16 07:00:00",118.108781,24.599247,,77.0,1
278,"2022-05-15 10:00:00",118.106019,24.592103,,85.0,1
279,"2022-05-15 19:00:00",118.107976,24.588901,,89.0,1
280,"2022-05-15 09:00:00",118.107363,24.589623,,62.0,0
281,"2022-05-17 01:00:00",118.105819,24.587958,,87.0,1
282,"2022-05-16 15:00:00",118.10323,24.593028,,85.0,1
283,"2022-05-14 14:00:00",118.103444,24.60071,,88.0,1
284,"2022-05-15 15:00:00",118.109318,24.585602,,83.0,1
285,"2022-05-16 22:00:00",118.11236,24.583265,,71.0,1
286,"2022-05-15 10:00:00",118.106373,24.59298,,71.0,1
287,"2022-05-13 18:00:00",118.110186,24.58287,,65.0,0
288,"2022-05-15 06:00:00",118.113601,24.598528,,72.0,1
289,"2022-05-12 11:00:00",118.108052,24.597519,,82.0,1
290,"2022-05-14 03:00:00",118.115092,24.591697,,81.0,1
291,"2022-05-15 20:00:00",118.100918,24.593601,,88.0,1
292,"2022-05-14 08:00:00",118.108588,24.584662,,87.0,1
293,"2022-05-16 18:00:00",118.113401,24.59388,,61.0,0
294,"2022-05-13 08:00:00",118.112712,24.590308,,76.0,1
295,"2022-05-14 02:00:00",118.117611,24.585167,,82.0,1
296,"2022-05-12 22:00:00",118.102506,24.59483,,76.0,1
297,"2022-05-14 23:00:00",118.109889,24.596491,,80.0,1
298,"2022-05-13 14:00:00",118.106807,24.581745,,88.0,1
299,"2022-05-15 17:00:00",118.113622,24.599188,,83.0,1
300,"2022-05-15 09:00:00",118.104686,24.582298,,63.0,0
301,"2022-05-17 08:00:00",118.108186,24.601416,,88.0,1
302,"2022-05-13 04:00:00",118.10358,24.58216,,76.0,1
303,"2022-05-16 08:00:00",118.116502,24.585667,,82.0,1
304,"2022-05-14 17:00:00",118.107778,24.597409,,85.0,1
305,"2022-05-17 05:00:00",118.116031,24.589762,,87.0,1
306,"2022-05-14 11:00:00",118.104878,24.593369,,84.0,1
307,"2022-05-13 08:00:00",118.114402,24.581448,,83.0,1
308,"2022-05-15 19:00:00",118.111771,24.587134,,63.0,0
309,"2022-05-16 14:00:00",118.108698,24.593272,,60.0,0
310,"2022-05-13 04:00:00",118.116153,24.600288,,78.0,1
311,"2022-05-13 14:00:00",118.112569,24.600667,,84.0,1
312,"2022-05-16 01:00:00",118.101519,24.585725,,86.0,1
313,"2022-05-17 00:00:00",118.105312,24.59252,,60.0,0
314,"2022-05-14 10:00:00",118.101377,24.585727,,66.0,0
315,"2022-05-13 15:00:00",118.10634,24.597583,,70.0,0
316,"2022-05-12 14:00:00",118.110578,24.590826,,63.0,0
317,"2022-05-14 15:00:00",118.103901,24.593129,,73.0,1
318,"2022-05-13 00:00:00",118.106454,24.584466,,68.0,0
319,"2022-05-13 15:00:00",118.102546,24.583768,,63.0,0
320,"2022-05-16 16:00:00",118.108313,24.598826,,66.0,0
321,"2022-05-15 01:00:00",118.108624,24.593972,,87.0,1
322,"2022-05-12 18:00:00",118.101435,24.583722,,82.0,1
323,"2022-05-16 08:00:00",118.105577,24.582512,,72.0,1
324,"2022-05-15 23:00:00",118.101169,24.597982,,61.0,0
325,"2022-05-13 08:00:00",118.100652,24.593473,,88.0,1
326,"2022-05-16 08:00:00",118.11517,24.591042,,79.0,1
327,"2022-05-14 07:00:00",118.11156,24.584541,,89.0,1
328,"2022-05-14 23:00:00",118.101991,24.590687,,64.0,0
329,"2022-05-14 15:00:00",118.108641,24.588775,,81.0,1
330,"2022-05-15 20:00:00",118.108367,24.592332,,75.0,1
331,"2022-05-12 19:00:00",118.109547,24.581834,,66.0,0
332,"2022-05-14 03:00:00",118.106508,24.585873,,87.0,1
333,"2022-05-14 19:00:00",118.101987,24.59917,,68.0,0
334,"2022-05-14 04:00:00",118.108992,24.591674,,72.0,1
335,"2022-05-14 01:00:00",118.117751,24.588796,,84.0,1
336,"2022-05-15 09:00:00",118.112999,24.597198,,82.0,1
337,"2022-05-17 06:00:00",118.113866,24.581183,,83.0,1
338,"2022-05-12 19:00:00",118.112715,24.587907,,62.0,0
339,"2022-05-14 19:00:00",118.101408,24.601301,,63.0,0
340,"2022-05-13 02:00:00",118.114608,24.59873,,84.0,1
341,"2022-05-13 15:00:00",118.105888,24.587606,,77.0,1
342,"2022-05-16 10:00:00",118.111325,24.600931,,61.0,0
343,"2022-05-13 19:00:00",118.114457,24.602348,,90.0,1
344,"2022-05-17 09:00:00",118.104784,24.595129,,73.0,1
345,"2022-05-13 00:00:00",118.109253,24.586125,,87.0,1
346,"2022-05-15 11:00:00",118.114824,24.587272,,80.0,1
347,"2022-05-15 23:00:00",118.116474,24.586123,,67.0,0
348,"2022-05-15 21:00:00",118.116553,24.593567,,80.0,1
349,"2022-05-14 04:00:00",118.112738,24.588218,,72.0,1
350,"2022-05-15 18:00:00",118.108269,24.583076,,84.0,1
351,"2022-05-13 22:00:00",118.106543,24.592395,,68.0,0
352,"2022-05-14 19:00:00",118.111453,24.583776,,90.0,1
353,"2022-05-14 20:00:00",118.110175,24.588413,,85.0,1
354,"2022-05-17 09:00:00",118.252299,24.629057,,66.0,0
355,"2022-05-14 22:00:00",118.245185,24.62734,,66.0,0
356,"2022-05-15 01:00:00",118.23557,24.63725,,62.0,0
357,"2022-05-13 00:00:00",118.247448,24.637167,,63.0,0
358,"2022-05-12 10:00:00",118.24009,24.616119,,64.0,0
359,"2022-05-15 19:00:00",118.265851,24.638826,,64.0,0
360,"2022-05-14 05:00:00",118.248829,24.646969,,79.0,1
361,"2022-05-16 07:00:00",118.250292,24.619865,,63.0,0
362,"2022-05-16 10:00:00",118.243163,24.64382,,69.0,0
363,"2022-05-15 18:00:00",118.248357,24.632176,,69.0,0
364,"2022-05-17 01:00:00",118.248474,24.645335,,64.0,0
365,"2022-05-15 16:00:00",118.243331,24.641019,,76.0,1
366,"2022-05-14 17:00:00",118.259565,24.622182,,75.0,1
367,"2022-05-14 05:00:00",118.258402,24.619277,,66.0,0
368,"2022-05-14 10:00:00",118.235772,24.648367,,81.0,1
369,"2022-05-17 03:00:00",118.238347,24.645752,,66.0,0
370,"2022-05-15 00:00:00",118.234246,24.635394,,81.0,1
371,"2022-05-16 04:00:00",118.259406,24.63446,,68.0,0
372,"2022-05-13 08:00:00",118.259652,24.617794,,61.0,0
373,"2022-05-15 20:00:00",118.237182,24.616679,,62.0,0
374,"2022-05-16 18:00:00",118.247499,24.62946,,75.0,1
375,"2022-05-13 20:00:00",118.255451,24.626325,,78.0,1
376,"2022-05-16 11:00:00",118.243339,24.631211,,72.0,1
377,"2022-05-13 10:00:00",118.254137,24.641653,,61.0,0
378,"2022-05-15 06:00:00",118.246279,24.62047,,86.0,1
379,"2022-05-13 13:00:00",118.234108,24.648592,,63.0,0
380,"2022-05-14 15:00:00",118.240789,24.647076,,66.0,0
381,"2022-05-15 03:00:00",118.253575,24.645344,,62.0,0
382,"2022-05-14 09:00:00",118.245288,24.645244,,68.0,0
383,"2022-05-13 23:00:00",118.256529,24.646864,,84.0,1
384,"2022-05-14 06:00:00",118.238545,24.624131,,65.0,0
385,"2022-05-16 23:00:00",118.247401,24.633862,,76.0,1
386,"2022-05-14 15:00:00",118.253669,24.628257,,75.0,1
387,"2022-05-14 20:00:00",118.233327,24.629824,,67.0,0
388,"2022-05-12 22:00:00",118.259106,24.643454,,74.0,1
389,"2022-05-12 16:00:00",118.255795,24.648968,,86.0,1
390,"2022-05-17 05:00:00",118.237347,24.631187,,77.0,1
391,"2022-05-15 14:00:00",118.233871,24.647818,,71.0,1
392,"2022-05-13 21:00:00",118.234126,24.616391,,69.0,0
393,"2022-05-15 06:00:00",118.250941,24.629772,,83.0,1
394,"2022-05-17 06:00:00",118.238574,24.640001,,89.0,1
395,"2022-05-13 00:00:00",118.242143,24.620883,,63.0,0
396,"2022-05-15 20:00:00",118.247729,24.631443,,77.0,1
397,"2022-05-12 17:00:00",118.234491,24.631911,,85.0,1
398,"2022-05-13 15:00:00",118.242305,24.647689,,62.0,0
399,"2022-05-12 15:00:00",118.240493,24.624946,,77.0,1
400,"2022-05-14 21:00:00",118.254881,24.630593,,85.0,1
401,"2022-05-14 01:00:00",118.259464,24.633895,,61.0,0
402,"2022-05-13 02:00:00",118.249236,24.625547,,69.0,0
403,"2022-05-15 22:00:00",118.240825,24.649066,,71.0,1
404,"2022-05-13 00:00:00",118.235642,24.648434,,83.0,1
405,"2022-05-14 18:00:00",118.256572,24.647012,,80.0,1
406,"2022-05-12 10:00:00",118.257854,24.642477,,69.0,0
407,"2022-05-15 09:00:00",118.247231,24.641912,,66.0,0
408,"2022-05-17 05:00:00",118.257264,24.617358,,70.0,0
409,"2022-05-12 14:00:00",118.258092,24.636946,,87.0,1
410,"2022-05-13 19:00:00",118.234282,24.630984,,62.0,0
411,"2022-05-13 21:00:00",118.264356,24.626771,,89.0,1
412,"2022-05-15 12:00:00",118.24543,24.644182,,75.0,1
413,"2022-05-13 12:00:00",118.238596,24.627554,,76.0,1
414,"2022-05-13 13:00:00",118.252821,24.621503,,60.0,0
415,"2022-05-14 18:00:00",118.238109,24.646417,,71.0,1
416,"2022-05-15 16:00:00",118.240316,24.629981,,88.0,1
417,"2022-05-16 18:00:00",118.261185,24.616768,,72.0,1
418,"2022-05-14 09:00:00",118.256354,24.637102,,84.0,1
419,"2022-05-14 04:00:00",118.245233,24.63783,,70.0,0
420,"2022-05-15 09:00:00",118.233849,24.632803,,66.0,0
421,"2022-05-16 20:00:00",118.264081,24.667328,,87.0,1
422,"2022-05-15 14:00:00",118.252166,24.673224,,83.0,1
423,"2022-05-15 02:00:00",118.236893,24.657571,,79.0,1
424,"2022-05-16 04:00:00",118.263275,24.661095,,72.0,1
425,"2022-05-13 05:00:00",118.267848,24.674175,,89.0,1
426,"2022-05-15 02:00:00",118.246738,24.676911,,86.0,1
427,"2022-05-13 08:00:00",118.272413,24.665174,,71.0,1
428,"2022-05-14 03:00:00",118.264565,24.654191,,87.0,1
429,"2022-05-13 03:00:00",118.254959,24.670633,,78.0,1
430,"2022-05-15 22:00:00",118.2699,24.659617,,76.0,1
431,"2022-05-12 17:00:00",118.263007,24.670963,,67.0,0
432,"2022-05-13 09:00:00",118.25685,24.663173,,65.0,0
433,"2022-05-16 09:00:00",118.247703,24.673876,,63.0,0
434,"2022-05-14 07:00:00",118.260134,24.655793,,63.0,0
435,"2022-05-14 22:00:00",118.269729,24.653105,,88.0,1
436,"2022-05-14 08:00:00",118.269307,24.661494,,77.0,1
437,"2022-05-14 13:00:00",118.266565,24.659597,,78.0,1
438,"2022-05-17 06:00:00",118.247414,24.663961,,90.0,1
439,"2022-05-15 05:00:00",118.253057,24.674051,,79.0,1
440,"2022-05-16 19:00:00",118.255384,24.672277,,72.0,1
441,"2022-05-16 01:00:00",118.249994,24.671175,,61.0,0
442,"2022-05-17 08:00:00",118.258791,24.655048,,71.0,1
443,"2022-05-16 02:00:00",118.246314,24.673114,,75.0,1
444,"2022-05-16 01:00:00",118.238307,24.653033,,73.0,1
445,"2022-05-14 15:00:00",118.26953,24.670043,,79.0,1
446,"2022-05-12 12:00:00",118.27301,24.668225,,63.0,0
447,"2022-05-16 05:00:00",118.273265,24.665898,,77.0,1
448,"2022-05-16 01:00:00",118.258112,24.670527,,83.0,1
449,"2022-05-14 08:00:00",118.270017,24.673326,,82.0,1
450,"2022-05-16 00:00:00",118.265726,24.667858,,85.0,1
451,"2022-05-14 16:00:00",118.259279,24.673345,,73.0,1
452,"2022-05-12 21:00:00",118.25118,24.655566,,63.0,0
453,"2022-05-13 01:00:00",118.260598,24.672371,,71.0,1
454,"2022-05-14 02:00:00",118.258837,24.669778,,83.0,1
455,"2022-05-13 20:00:00",118.238621,24.675405,,85.0,1
456,"2022-05-14 13:00:00",118.26777,24.679934,,83.0,1
457,"2022-05-13 19:00:00",118.24203,24.67363,,72.0,1
458,"2022-05-12 23:00:00",118.255749,24.674825,,85.0,1
459,"2022-05-16 01:00:00",118.272955,24.656614,,74.0,1
460,"2022-05-13 22:00:00",118.036539,24.489877,,63.0,0
461,"2022-05-13 22:00:00",118.038329,24.496759,,85.0,1
462,"2022-05-15 14:00:00",118.039362,24.490254,,83.0,1
463,"2022-05-13 15:00:00",118.03812,24.492255,,80.0,1
464,"2022-05-13 22:00:00",118.035048,24.495001,,89.0,1
465,"2022-05-16 09:00:00",118.03704,24.495025,,71.0,1
466,"2022-05-12 15:00:00",118.037414,24.49758,,85.0,1
467,"2022-05-16 15:00:00",118.036052,24.491064,,79.0,1
468,"2022-05-12 19:00:00",118.036416,24.49631,,61.0,0
469,"2022-05-16 15:00:00",118.034,24.489494,,64.0,0
470,"2022-05-12 11:00:00",118.03982,24.494256,,88.0,1
471,"2022-05-14 23:00:00",118.035533,24.495356,,75.0,1
472,"2022-05-15 01:00:00",118.037691,24.489127,,74.0,1
473,"2022-05-12 22:00:00",118.038914,24.489733,,71.0,1
474,"2022-05-17 00:00:00",118.03913,24.491864,,88.0,1
475,"2022-05-13 18:00:00",118.036018,24.489234,,87.0,1
476,"2022-05-15 11:00:00",118.039529,24.491688,,89.0,1
477,"2022-05-13 13:00:00",118.038403,24.494331,,86.0,1
478,"2022-05-14 00:00:00",118.033879,24.495586,,80.0,1
479,"2022-05-16 20:00:00",118.034592,24.494773,,87.0,1
480,"2022-05-14 21:00:00",118.038666,24.495036,,72.0,1
481,"2022-05-16 10:00:00",117.951642,24.562891,,86.0,1
482,"2022-05-15 01:00:00",117.948125,24.548444,,76.0,1
483,"2022-05-13 13:00:00",117.942299,24.534994,,61.0,0
484,"2022-05-15 04:00:00",117.918386,24.548931,,89.0,1
485,"2022-05-12 20:00:00",117.922301,24.561051,,65.0,0
486,"2022-05-16 07:00:00",117.92135,24.563417,,76.0,1
487,"2022-05-15 14:00:00",117.92456,24.560625,,66.0,0
488,"2022-05-16 11:00:00",117.940781,24.565119,,89.0,1
489,"2022-05-13 07:00:00",117.921051,24.569188,,63.0,0
490,"2022-05-14 13:00:00",117.930324,24.567976,,73.0,1
491,"2022-05-15 11:00:00",117.941349,24.556001,,68.0,0
492,"2022-05-16 05:00:00",117.95026,24.571509,,60.0,0
493,"2022-05-17 07:00:00",117.952795,24.546227,,78.0,1
494,"2022-05-15 09:00:00",117.916813,24.56602,,74.0,1
495,"2022-05-12 15:00:00",117.96657,24.562186,,75.0,1
496,"2022-05-14 15:00:00",117.964482,24.54746,,89.0,1
497,"2022-05-12 19:00:00",117.922561,24.548231,,76.0,1
498,"2022-05-12 16:00:00",117.920511,24.552476,,65.0,0
499,"2022-05-12 12:00:00",117.961265,24.56578,,65.0,0
500,"2022-05-17 05:00:00",117.959205,24.537434,,68.0,0
501,"2022-05-16 01:00:00",117.935534,24.55416,,84.0,1
502,"2022-05-16 04:00:00",117.927467,24.543037,,67.0,0
503,"2022-05-15 06:00:00",117.934936,24.571025,,65.0,0
504,"2022-05-15 08:00:00",117.943382,24.560609,,67.0,0
505,"2022-05-13 12:00:00",117.943019,24.561434,,81.0,1
506,"2022-05-14 02:00:00",117.921767,24.550273,,78.0,1
507,"2022-05-12 11:00:00",117.92655,24.539324,,63.0,0
508,"2022-05-12 16:00:00",117.957864,24.557255,,82.0,1
509,"2022-05-13 11:00:00",117.953006,24.547723,,84.0,1
510,"2022-05-16 23:00:00",117.924244,24.552549,,63.0,0
511,"2022-05-17 02:00:00",117.926176,24.543824,,72.0,1
512,"2022-05-16 23:00:00",117.93152,24.559537,,61.0,0
513,"2022-05-16 05:00:00",117.927542,24.544585,,84.0,1
514,"2022-05-12 19:00:00",117.943389,24.543453,,69.0,0
515,"2022-05-12 22:00:00",117.922087,24.563028,,72.0,1
516,"2022-05-13 18:00:00",117.923368,24.541657,,74.0,1
517,"2022-05-12 14:00:00",117.935423,24.557655,,81.0,1
518,"2022-05-14 07:00:00",117.939357,24.558038,,87.0,1
519,"2022-05-16 07:00:00",117.963514,24.558176,,61.0,0
520,"2022-05-16 04:00:00",117.930794,24.559841,,85.0,1
521,"2022-05-14 11:00:00",117.916521,24.557119,,62.0,0
522,"2022-05-16 09:00:00",117.958536,24.559795,,63.0,0
523,"2022-05-16 02:00:00",117.920276,24.549497,,61.0,0
524,"2022-05-13 21:00:00",117.952917,24.564615,,67.0,0
525,"2022-05-13 18:00:00",117.96151,24.566203,,62.0,0
526,"2022-05-14 17:00:00",117.938498,24.556139,,68.0,0
527,"2022-05-14 19:00:00",117.964051,24.547274,,61.0,0
528,"2022-05-12 12:00:00",117.965617,24.574768,,88.0,1
529,"2022-05-15 16:00:00",117.947938,24.536271,,81.0,1
530,"2022-05-13 10:00:00",117.926807,24.550162,,62.0,0
531,"2022-05-12 18:00:00",117.929929,24.548505,,89.0,1
532,"2022-05-16 02:00:00",117.961258,24.556134,,90.0,1
533,"2022-05-14 17:00:00",117.965865,24.551917,,85.0,1
534,"2022-05-12 23:00:00",117.922562,24.565173,,82.0,1
535,"2022-05-13 04:00:00",117.958772,24.568265,,81.0,1
536,"2022-05-14 13:00:00",117.952779,24.550732,,70.0,0
537,"2022-05-15 19:00:00",117.916992,24.568936,,86.0,1
538,"2022-05-13 00:00:00",117.95273,24.562858,,84.0,1
539,"2022-05-15 05:00:00",117.925257,24.57183,,63.0,0
540,"2022-05-14 14:00:00",117.925099,24.539599,,82.0,1
541,"2022-05-14 22:00:00",117.945053,24.550032,,85.0,1
542,"2022-05-13 08:00:00",117.949988,24.565799,,89.0,1
543,"2022-05-14 11:00:00",117.954949,24.556149,,64.0,0
544,"2022-05-14 22:00:00",117.935939,24.55292,,67.0,0
545,"2022-05-13 18:00:00",117.918648,24.56136,,71.0,1
546,"2022-05-16 13:00:00",117.946652,24.542437,,83.0,1
547,"2022-05-14 03:00:00",117.930849,24.558433,,80.0,1
548,"2022-05-13 15:00:00",117.962492,24.53831,,65.0,0
549,"2022-05-13 06:00:00",117.944008,24.547567,,75.0,1
550,"2022-05-13 00:00:00",117.933275,24.546817,,85.0,1
551,"2022-05-12 20:00:00",117.959133,24.540875,,85.0,1
552,"2022-05-12 19:00:00",117.940555,24.544482,,68.0,0
553,"2022-05-13 01:00:00",117.963251,24.571329,,83.0,1
554,"2022-05-14 08:00:00",117.948139,24.561047,,84.0,1
555,"2022-05-15 04:00:00",118.083676,24.470241,,81.0,1
556,"2022-05-15 10:00:00",118.092852,24.473133,,70.0,0
557,"2022-05-14 05:00:00",118.083179,24.462232,,69.0,0
558,"2022-05-17 06:00:00",118.10026,24.470966,,67.0,0
559,"2022-05-16 08:00:00",118.101761,24.472821,,77.0,1
560,"2022-05-12 10:00:00",118.088125,24.468124,,67.0,0
561,"2022-05-15 18:00:00",118.098991,24.463816,,77.0,1
562,"2022-05-14 02:00:00",118.088107,24.474916,,69.0,0
563,"2022-05-15 17:00:00",118.084405,24.468926,,90.0,1
564,"2022-05-13 21:00:00",118.100644,24.467879,,68.0,0
565,"2022-05-14 19:00:00",118.085002,24.47045,,62.0,0
566,"2022-05-14 23:00:00",118.083248,24.472487,,69.0,0
567,"2022-05-13 01:00:00",118.106927,24.464602,,62.0,0
568,"2022-05-12 23:00:00",118.10782,24.461808,,75.0,1
569,"2022-05-13 03:00:00",118.099169,24.464796,,67.0,0
570,"2022-05-14 08:00:00",118.09715,24.474183,,65.0,0
571,"2022-05-14 23:00:00",118.103931,24.467196,,80.0,1
572,"2022-05-14 09:00:00",118.102765,24.464029,,85.0,1
573,"2022-05-14 13:00:00",118.088802,24.471793,,77.0,1
574,"2022-05-17 06:00:00",118.097934,24.47386,,63.0,0
575,"2022-05-15 03:00:00",118.087455,24.46826,,67.0,0
576,"2022-05-16 12:00:00",118.082971,24.466295,,69.0,0
577,"2022-05-14 17:00:00",118.096295,24.46412,,88.0,1
578,"2022-05-16 14:00:00",118.102169,24.464043,,63.0,0
579,"2022-05-16 11:00:00",118.094885,24.465226,,62.0,0
580,"2022-05-15 02:00:00",118.107725,24.461408,,66.0,0
581,"2022-05-13 14:00:00",118.100387,24.462736,,73.0,1
582,"2022-05-15 09:00:00",118.088129,24.471053,,83.0,1
583,"2022-05-13 14:00:00",118.094337,24.463982,,65.0,0
584,"2022-05-14 10:00:00",118.082528,24.461923,,63.0,0
585,"2022-05-13 21:00:00",118.087514,24.465586,,63.0,0
586,"2022-05-13 19:00:00",118.083546,24.463608,,83.0,1
587,"2022-05-14 21:00:00",118.098203,24.470268,,68.0,0
588,"2022-05-15 13:00:00",118.086171,24.459865,,63.0,0
589,"2022-05-15 16:00:00",118.100773,24.461011,,65.0,0
590,"2022-05-14 06:00:00",118.098067,24.461994,,89.0,1
591,"2022-05-16 19:00:00",118.090096,24.467043,,75.0,1
592,"2022-05-13 22:00:00",118.081313,24.460434,,64.0,0
593,"2022-05-16 20:00:00",118.092673,24.463732,,64.0,0
594,"2022-05-14 22:00:00",118.097964,24.470012,,86.0,1
595,"2022-05-16 17:00:00",118.082855,24.462862,,65.0,0
596,"2022-05-16 08:00:00",118.099519,24.460509,,87.0,1
597,"2022-05-14 03:00:00",118.103168,24.463872,,73.0,1
598,"2022-05-14 06:00:00",118.097875,24.466795,,86.0,1
599,"2022-05-16 11:00:00",118.102488,24.461248,,73.0,1
600,"2022-05-17 04:00:00",118.104827,24.471707,,76.0,1
601,"2022-05-13 22:00:00",118.091163,24.468234,,79.0,1
602,"2022-05-15 18:00:00",118.104304,24.474207,,65.0,0
603,"2022-05-14 13:00:00",118.094257,24.451859,,76.0,1
604,"2022-05-13 00:00:00",118.096181,24.45408,,87.0,1
605,"2022-05-13 23:00:00",118.09623,24.454115,,85.0,1
606,"2022-05-13 08:00:00",118.098777,24.456946,,82.0,1
607,"2022-05-12 12:00:00",118.090278,24.453347,,88.0,1
608,"2022-05-15 02:00:00",118.09511,24.451874,,77.0,1
609,"2022-05-15 10:00:00",118.099217,24.456117,,81.0,1
610,"2022-05-14 10:00:00",118.093419,24.458566,,64.0,0
611,"2022-05-13 11:00:00",118.096965,24.457988,,71.0,1
612,"2022-05-16 14:00:00",118.098984,24.455728,,81.0,1
613,"2022-05-15 01:00:00",118.09912,24.455645,,69.0,0
614,"2022-05-13 05:00:00",118.096916,24.452353,,64.0,0
615,"2022-05-13 08:00:00",118.089467,24.454396,,81.0,1
616,"2022-05-14 18:00:00",118.091821,24.457908,,81.0,1
617,"2022-05-16 08:00:00",118.088927,24.452017,,76.0,1
618,"2022-05-14 23:00:00",118.092829,24.452451,,75.0,1
619,"2022-05-13 08:00:00",118.092262,24.458282,,82.0,1
620,"2022-05-14 10:00:00",118.092067,24.457395,,62.0,0
621,"2022-05-14 17:00:00",118.089312,24.452432,,64.0,0
622,"2022-05-12 22:00:00",118.097409,24.457887,,71.0,1
623,"2022-05-13 00:00:00",118.092773,24.458499,,76.0,1
624,"2022-05-13 19:00:00",118.089063,24.456908,,62.0,0
625,"2022-05-12 14:00:00",118.089378,24.452796,,75.0,1
626,"2022-05-14 03:00:00",118.097106,24.453129,,87.0,1
627,"2022-05-15 11:00:00",118.092227,24.458601,,83.0,1
628,"2022-05-12 12:00:00",118.094152,24.457276,,61.0,0
629,"2022-05-13 19:00:00",118.092872,24.457152,,75.0,1
630,"2022-05-13 23:00:00",118.096804,24.453041,,70.0,0
631,"2022-05-16 02:00:00",118.099029,24.456832,,67.0,0
632,"2022-05-16 01:00:00",118.096391,24.457491,,68.0,0
633,"2022-05-14 15:00:00",118.090712,24.457912,,63.0,0
634,"2022-05-12 11:00:00",118.096542,24.442565,,70.0,0
635,"2022-05-16 01:00:00",118.096984,24.447814,,65.0,0
636,"2022-05-15 12:00:00",118.096377,24.450456,,69.0,0
637,"2022-05-16 23:00:00",118.09473,24.447348,,79.0,1
638,"2022-05-15 21:00:00",118.097826,24.446325,,79.0,1
639,"2022-05-16 01:00:00",118.098448,24.445322,,71.0,1
640,"2022-05-15 06:00:00",118.098534,24.447711,,86.0,1
641,"2022-05-15 15:00:00",118.095757,24.448099,,67.0,0
642,"2022-05-14 21:00:00",118.094981,24.447652,,84.0,1
643,"2022-05-15 06:00:00",118.098015,24.448157,,90.0,1
644,"2022-05-14 03:00:00",118.100175,24.45008,,89.0,1
645,"2022-05-12 10:00:00",118.099908,24.446693,,62.0,0
646,"2022-05-17 10:00:00",118.099322,24.442504,,79.0,1
647,"2022-05-17 07:00:00",118.098508,24.445935,,86.0,1
648,"2022-05-16 20:00:00",118.100537,24.44521,,77.0,1
649,"2022-05-14 21:00:00",118.100893,24.449753,,84.0,1
650,"2022-05-16 10:00:00",118.098565,24.450208,,61.0,0
651,"2022-05-15 03:00:00",118.099509,24.448708,,83.0,1
652,"2022-05-13 22:00:00",118.097083,24.445668,,65.0,0
653,"2022-05-16 20:00:00",118.097365,24.444048,,63.0,0
654,"2022-05-15 00:00:00",118.17573,24.486928,,77.0,1
655,"2022-05-17 00:00:00",118.186926,24.490089,,79.0,1
656,"2022-05-12 13:00:00",118.181691,24.490379,,87.0,1
657,"2022-05-14 10:00:00",118.188703,24.472519,,87.0,1
658,"2022-05-17 00:00:00",118.188505,24.472027,,63.0,0
659,"2022-05-14 08:00:00",118.186526,24.483291,,72.0,1
660,"2022-05-13 08:00:00",118.186781,24.481652,,75.0,1
661,"2022-05-16 04:00:00",118.180145,24.47278,,62.0,0
662,"2022-05-13 11:00:00",118.178283,24.475723,,64.0,0
663,"2022-05-16 09:00:00",118.186457,24.465316,,73.0,1
664,"2022-05-14 01:00:00",118.188358,24.483666,,87.0,1
665,"2022-05-13 18:00:00",118.18893,24.480752,,73.0,1
666,"2022-05-14 03:00:00",118.177825,24.467331,,81.0,1
667,"2022-05-16 23:00:00",118.177576,24.477663,,75.0,1
668,"2022-05-14 23:00:00",118.189402,24.490415,,71.0,1
669,"2022-05-16 12:00:00",118.190697,24.46868,,89.0,1
670,"2022-05-15 08:00:00",118.176699,24.479306,,71.0,1
671,"2022-05-14 15:00:00",118.182564,24.471134,,78.0,1
672,"2022-05-14 19:00:00",118.184614,24.481898,,64.0,0
673,"2022-05-12 17:00:00",118.190249,24.477246,,68.0,0
674,"2022-05-16 16:00:00",118.182866,24.480457,,64.0,0
675,"2022-05-12 18:00:00",118.174325,24.480588,,86.0,1
676,"2022-05-16 08:00:00",118.177606,24.465342,,83.0,1
677,"2022-05-15 23:00:00",118.182196,24.478702,,79.0,1
678,"2022-05-13 09:00:00",118.18553,24.488449,,86.0,1
679,"2022-05-16 14:00:00",118.174371,24.485411,,75.0,1
680,"2022-05-15 08:00:00",118.189241,24.483124,,78.0,1
681,"2022-05-14 14:00:00",118.186466,24.482066,,87.0,1
682,"2022-05-14 13:00:00",118.18977,24.466672,,64.0,0
683,"2022-05-16 12:00:00",118.190376,24.480143,,64.0,0
684,"2022-05-16 13:00:00",118.188566,24.477776,,80.0,1
685,"2022-05-15 16:00:00",118.174591,24.473005,,88.0,1
686,"2022-05-16 09:00:00",118.177781,24.479061,,77.0,1
687,"2022-05-12 11:00:00",118.176323,24.479396,,88.0,1
688,"2022-05-15 17:00:00",118.189279,24.471631,,66.0,0
689,"2022-05-13 19:00:00",118.186621,24.483708,,82.0,1
690,"2022-05-14 10:00:00",118.177896,24.483473,,71.0,1
691,"2022-05-13 05:00:00",118.18871,24.488238,,70.0,0
692,"2022-05-15 09:00:00",118.182253,24.467188,,73.0,1
693,"2022-05-14 22:00:00",118.190364,24.487039,,65.0,0
694,"2022-05-16 02:00:00",118.177227,24.488738,,82.0,1
695,"2022-05-13 03:00:00",118.179192,24.47807,,65.0,0
696,"2022-05-15 00:00:00",118.175594,24.480822,,83.0,1
697,"2022-05-13 05:00:00",118.177764,24.490584,,70.0,0
698,"2022-05-13 15:00:00",118.180836,24.472674,,62.0,0
699,"2022-05-16 02:00:00",118.184977,24.487899,,65.0,0
700,"2022-05-17 01:00:00",118.184196,24.487245,,62.0,0
701,"2022-05-14 15:00:00",118.190913,24.46713,,87.0,1
702,"2022-05-14 16:00:00",118.190752,24.465778,,65.0,0
703,"2022-05-16 22:00:00",118.177204,24.470872,,76.0,1
704,"2022-05-13 04:00:00",118.186082,24.490097,,68.0,0
705,"2022-05-12 19:00:00",118.181166,24.467001,,66.0,0
706,"2022-05-16 22:00:00",118.17697,24.481335,,65.0,0
707,"2022-05-13 18:00:00",118.190408,24.467137,,72.0,1
708,"2022-05-15 16:00:00",118.177332,24.475796,,75.0,1
709,"2022-05-14 16:00:00",118.186946,24.489102,,80.0,1
710,"2022-05-14 00:00:00",118.1781,24.479549,,81.0,1
711,"2022-05-13 12:00:00",118.17741,24.489277,,87.0,1
712,"2022-05-13 01:00:00",118.174811,24.476094,,88.0,1
713,"2022-05-17 07:00:00",118.176216,24.475326,,70.0,0
714,"2022-05-14 21:00:00",118.186883,24.473395,,81.0,1
715,"2022-05-15 01:00:00",118.184224,24.484679,,87.0,1
716,"2022-05-13 07:00:00",118.190894,24.488191,,66.0,0
717,"2022-05-13 23:00:00",118.187941,24.470061,,86.0,1
718,"2022-05-17 10:00:00",118.180873,24.485411,,68.0,0
719,"2022-05-12 18:00:00",118.183781,24.469768,,88.0,1
720,"2022-05-14 02:00:00",118.190754,24.486522,,63.0,0
721,"2022-05-14 18:00:00",118.178604,24.471934,,82.0,1
722,"2022-05-14 01:00:00",118.182706,24.489539,,77.0,1
723,"2022-05-13 14:00:00",118.181237,24.466809,,86.0,1
724,"2022-05-13 11:00:00",118.189231,24.468676,,87.0,1
725,"2022-05-14 00:00:00",118.182426,24.478268,,63.0,0
726,"2022-05-17 06:00:00",118.179546,24.465622,,74.0,1
727,"2022-05-16 22:00:00",118.190604,24.466826,,74.0,1
728,"2022-05-15 08:00:00",118.189125,24.470867,,67.0,0
729,"2022-05-13 13:00:00",118.17718,24.486788,,88.0,1
730,"2022-05-14 05:00:00",118.18871,24.489153,,86.0,1
731,"2022-05-13 03:00:00",118.177965,24.465754,,68.0,0
732,"2022-05-15 13:00:00",118.175828,24.475873,,82.0,1
733,"2022-05-15 21:00:00",118.175597,24.480849,,81.0,1
734,"2022-05-15 09:00:00",118.185078,24.47562,,66.0,0
735,"2022-05-16 21:00:00",118.189711,24.468938,,84.0,1
736,"2022-05-15 20:00:00",118.178128,24.475975,,71.0,1
737,"2022-05-16 02:00:00",118.17834,24.47905,,65.0,0
738,"2022-05-15 13:00:00",118.175277,24.490874,,73.0,1
739,"2022-05-17 01:00:00",118.1771,24.481583,,90.0,1
740,"2022-05-16 03:00:00",118.184475,24.475912,,79.0,1
741,"2022-05-17 01:00:00",118.189938,24.489874,,64.0,0
742,"2022-05-14 11:00:00",118.177001,24.484018,,87.0,1
743,"2022-05-13 19:00:00",118.177281,24.466339,,64.0,0
744,"2022-05-13 02:00:00",118.184464,24.466578,,74.0,1
745,"2022-05-16 14:00:00",118.18215,24.484279,,61.0,0
746,"2022-05-16 09:00:00",118.188547,24.478699,,65.0,0
747,"2022-05-14 18:00:00",118.174578,24.483623,,82.0,1
748,"2022-05-17 02:00:00",118.189589,24.474139,,89.0,1
749,"2022-05-13 20:00:00",118.190782,24.475416,,60.0,0
750,"2022-05-15 11:00:00",118.177126,24.470046,,67.0,0
751,"2022-05-13 11:00:00",118.180167,24.488849,,82.0,1
752,"2022-05-13 12:00:00",118.176413,24.466224,,77.0,1
753,"2022-05-14 15:00:00",118.181693,24.479592,,82.0,1
754,"2022-05-15 06:00:00",118.184505,24.474906,,89.0,1
755,"2022-05-14 21:00:00",118.17601,24.485598,,83.0,1
756,"2022-05-16 06:00:00",118.18851,24.48825,,79.0,1
757,"2022-05-14 04:00:00",118.177055,24.481961,,72.0,1
758,"2022-05-14 15:00:00",118.190318,24.488922,,65.0,0
759,"2022-05-13 06:00:00",118.190911,24.480226,,68.0,0
760,"2022-05-14 23:00:00",118.187949,24.477944,,87.0,1
761,"2022-05-12 16:00:00",118.175753,24.480242,,89.0,1
762,"2022-05-16 01:00:00",118.190243,24.468273,,68.0,0
763,"2022-05-14 18:00:00",118.180908,24.475598,,68.0,0
764,"2022-05-13 06:00:00",118.179016,24.487871,,79.0,1
765,"2022-05-14 13:00:00",118.185393,24.473275,,69.0,0
766,"2022-05-15 13:00:00",118.179101,24.486123,,82.0,1
767,"2022-05-16 18:00:00",118.189658,24.480548,,66.0,0
768,"2022-05-14 16:00:00",118.17531,24.476146,,70.0,0
769,"2022-05-15 16:00:00",118.177679,24.473482,,75.0,1
770,"2022-05-16 22:00:00",118.176096,24.484394,,62.0,0
771,"2022-05-15 03:00:00",118.17657,24.486934,,66.0,0
772,"2022-05-12 11:00:00",118.189573,24.486383,,86.0,1
773,"2022-05-14 13:00:00",118.176139,24.490002,,69.0,0
774,"2022-05-12 21:00:00",118.190859,24.48742,,66.0,0
775,"2022-05-13 10:00:00",118.184487,24.47385,,81.0,1
776,"2022-05-16 00:00:00",118.186748,24.488826,,66.0,0
777,"2022-05-17 07:00:00",118.188543,24.471743,,77.0,1
778,"2022-05-16 01:00:00",118.186678,24.466626,,77.0,1
779,"2022-05-15 21:00:00",118.175906,24.469079,,61.0,0
780,"2022-05-13 20:00:00",118.181687,24.467281,,61.0,0
781,"2022-05-14 04:00:00",118.18134,24.485311,,74.0,1
782,"2022-05-16 20:00:00",118.183881,24.479056,,72.0,1
783,"2022-05-14 07:00:00",118.177053,24.487277,,76.0,1
784,"2022-05-13 13:00:00",118.177491,24.488259,,71.0,1
785,"2022-05-17 10:00:00",118.183992,24.465957,,77.0,1
786,"2022-05-14 01:00:00",118.182433,24.478557,,61.0,0
787,"2022-05-15 12:00:00",118.177129,24.488286,,69.0,0
788,"2022-05-12 22:00:00",118.187147,24.465489,,67.0,0
789,"2022-05-15 19:00:00",118.179179,24.491521,,70.0,0
790,"2022-05-12 18:00:00",118.177315,24.488295,,81.0,1
791,"2022-05-13 22:00:00",118.187133,24.486946,,79.0,1
792,"2022-05-14 00:00:00",118.177448,24.47445,,76.0,1
793,"2022-05-15 17:00:00",118.176993,24.47607,,77.0,1
794,"2022-05-14 06:00:00",118.188338,24.488695,,85.0,1
795,"2022-05-16 17:00:00",118.181198,24.475059,,75.0,1
796,"2022-05-13 08:00:00",118.183156,24.473581,,87.0,1
797,"2022-05-14 02:00:00",118.186554,24.488355,,85.0,1
798,"2022-05-13 01:00:00",118.177816,24.472391,,88.0,1
799,"2022-05-15 12:00:00",118.177404,24.46539,,86.0,1
800,"2022-05-15 23:00:00",118.181264,24.467612,,65.0,0
801,"2022-05-15 22:00:00",118.188907,24.470013,,74.0,1
802,"2022-05-14 04:00:00",118.186005,24.472374,,78.0,1
803,"2022-05-15 20:00:00",118.18686,24.487051,,68.0,0
804,"2022-05-14 04:00:00",118.191007,24.473406,,74.0,1
805,"2022-05-15 21:00:00",118.185218,24.471038,,77.0,1
806,"2022-05-14 13:00:00",118.178098,24.468402,,81.0,1
807,"2022-05-12 14:00:00",118.182453,24.479632,,72.0,1
808,"2022-05-16 23:00:00",118.174718,24.465719,,82.0,1
809,"2022-05-14 13:00:00",118.181564,24.471155,,90.0,1
810,"2022-05-14 10:00:00",118.178521,24.466961,,77.0,1
811,"2022-05-15 23:00:00",118.175709,24.484,,85.0,1
812,"2022-05-14 07:00:00",118.174852,24.47662,,62.0,0
813,"2022-05-16 02:00:00",118.190469,24.473824,,71.0,1
814,"2022-05-15 01:00:00",118.177457,24.483193,,77.0,1
815,"2022-05-14 16:00:00",118.190279,24.475224,,81.0,1
816,"2022-05-15 17:00:00",118.180195,24.478546,,61.0,0
817,"2022-05-17 02:00:00",118.18582,24.472791,,70.0,0
818,"2022-05-15 21:00:00",118.178469,24.488197,,87.0,1
819,"2022-05-15 19:00:00",118.185741,24.486444,,69.0,0
820,"2022-05-13 20:00:00",118.184592,24.486786,,72.0,1
821,"2022-05-14 11:00:00",118.18232,24.472555,,68.0,0
822,"2022-05-13 08:00:00",118.183082,24.478851,,88.0,1
823,"2022-05-15 19:00:00",118.182596,24.481108,,69.0,0
824,"2022-05-16 16:00:00",118.175496,24.48721,,73.0,1
825,"2022-05-13 14:00:00",118.182164,24.48393,,89.0,1
826,"2022-05-15 11:00:00",118.188806,24.472737,,60.0,0
827,"2022-05-14 01:00:00",118.177581,24.465749,,85.0,1
828,"2022-05-16 13:00:00",118.176799,24.480873,,69.0,0
829,"2022-05-13 02:00:00",118.182982,24.470595,,87.0,1
830,"2022-05-13 10:00:00",118.188566,24.478188,,71.0,1
831,"2022-05-15 08:00:00",118.182464,24.471457,,65.0,0
832,"2022-05-13 23:00:00",118.178764,24.488431,,88.0,1
833,"2022-05-16 11:00:00",118.190023,24.473164,,71.0,1
834,"2022-05-13 00:00:00",118.177689,24.490307,,71.0,1
835,"2022-05-13 06:00:00",118.176981,24.47805,,78.0,1
836,"2022-05-14 18:00:00",118.179336,24.470067,,89.0,1
837,"2022-05-16 14:00:00",118.190667,24.468234,,65.0,0
838,"2022-05-16 05:00:00",118.175393,24.489751,,75.0,1
839,"2022-05-13 23:00:00",118.187812,24.470592,,70.0,0
840,"2022-05-13 18:00:00",118.179273,24.486327,,85.0,1
841,"2022-05-14 12:00:00",118.1883,24.474873,,74.0,1
842,"2022-05-13 19:00:00",118.186989,24.476293,,89.0,1
843,"2022-05-13 02:00:00",118.179359,24.476838,,69.0,0
844,"2022-05-16 14:00:00",118.175785,24.482605,,82.0,1
845,"2022-05-16 07:00:00",118.183628,24.486883,,84.0,1
846,"2022-05-14 09:00:00",118.185769,24.468336,,67.0,0
847,"2022-05-15 10:00:00",118.183794,24.468701,,89.0,1
848,"2022-05-16 15:00:00",118.189618,24.466611,,61.0,0
849,"2022-05-14 11:00:00",118.188461,24.486306,,70.0,0
850,"2022-05-14 23:00:00",118.182981,24.481579,,85.0,1
851,"2022-05-14 01:00:00",118.179389,24.473865,,72.0,1
852,"2022-05-12 23:00:00",118.184418,24.486642,,69.0,0
853,"2022-05-15 05:00:00",118.175359,24.476241,,66.0,0
854,"2022-05-14 20:00:00",118.187273,24.4695,,69.0,0
855,"2022-05-16 00:00:00",118.182944,24.466767,,62.0,0
856,"2022-05-13 03:00:00",118.175479,24.49161,,62.0,0
857,"2022-05-15 07:00:00",118.185816,24.480359,,67.0,0
858,"2022-05-14 15:00:00",118.179255,24.487822,,82.0,1
859,"2022-05-14 22:00:00",118.175625,24.484483,,83.0,1
860,"2022-05-13 04:00:00",118.190464,24.491623,,78.0,1
861,"2022-05-13 16:00:00",118.184591,24.470983,,66.0,0
862,"2022-05-16 11:00:00",118.184846,24.479012,,89.0,1
863,"2022-05-13 22:00:00",118.177169,24.485887,,83.0,1
864,"2022-05-12 19:00:00",118.177552,24.485992,,68.0,0
865,"2022-05-14 20:00:00",118.1803,24.488031,,87.0,1
866,"2022-05-13 10:00:00",118.1743,24.482806,,72.0,1
867,"2022-05-15 01:00:00",118.178599,24.474672,,70.0,0
868,"2022-05-12 15:00:00",118.186413,24.479679,,67.0,0
869,"2022-05-15 14:00:00",118.182279,24.46799,,81.0,1
870,"2022-05-12 13:00:00",118.184349,24.474567,,61.0,0
871,"2022-05-13 13:00:00",118.179692,24.478044,,89.0,1
872,"2022-05-12 16:00:00",118.181703,24.488465,,76.0,1
873,"2022-05-15 06:00:00",118.189432,24.465773,,60.0,0
874,"2022-05-15 22:00:00",118.176147,24.472418,,64.0,0
875,"2022-05-16 10:00:00",118.18768,24.470972,,65.0,0
876,"2022-05-16 22:00:00",118.181419,24.47861,,89.0,1
877,"2022-05-12 21:00:00",118.18855,24.488035,,89.0,1
878,"2022-05-16 04:00:00",118.185536,24.491672,,89.0,1
879,"2022-05-14 22:00:00",118.18465,24.467439,,72.0,1
880,"2022-05-13 13:00:00",118.180206,24.469457,,86.0,1
881,"2022-05-15 13:00:00",118.179593,24.485643,,85.0,1
882,"2022-05-14 17:00:00",118.174927,24.489543,,70.0,0
883,"2022-05-14 12:00:00",118.184553,24.480132,,61.0,0
884,"2022-05-16 00:00:00",118.188134,24.486611,,61.0,0
885,"2022-05-14 02:00:00",118.174528,24.482709,,74.0,1
886,"2022-05-14 22:00:00",118.187222,24.480038,,62.0,0
887,"2022-05-14 22:00:00",118.189817,24.475372,,69.0,0
888,"2022-05-12 10:00:00",118.181247,24.469174,,82.0,1
889,"2022-05-15 01:00:00",118.184671,24.471487,,71.0,1
890,"2022-05-15 09:00:00",118.186888,24.48845,,85.0,1
891,"2022-05-14 11:00:00",118.185937,24.484066,,80.0,1
892,"2022-05-13 17:00:00",118.175965,24.491113,,86.0,1
893,"2022-05-12 17:00:00",118.184775,24.47352,,82.0,1
894,"2022-05-14 23:00:00",118.190675,24.470147,,70.0,0
895,"2022-05-14 06:00:00",118.184408,24.474975,,81.0,1
896,"2022-05-14 01:00:00",118.180741,24.48425,,85.0,1
897,"2022-05-15 00:00:00",118.186031,24.481831,,88.0,1
898,"2022-05-15 11:00:00",118.185061,24.489221,,87.0,1
899,"2022-05-14 19:00:00",118.176432,24.474199,,86.0,1
900,"2022-05-15 07:00:00",118.176754,24.475251,,72.0,1
901,"2022-05-14 17:00:00",118.188446,24.48729,,79.0,1
902,"2022-05-15 04:00:00",118.17492,24.489607,,72.0,1
903,"2022-05-14 07:00:00",118.176753,24.475742,,76.0,1
904,"2022-05-13 11:00:00",118.186207,24.475322,,75.0,1
905,"2022-05-17 04:00:00",118.18007,24.478002,,77.0,1
906,"2022-05-12 22:00:00",118.183081,24.491095,,71.0,1
907,"2022-05-15 15:00:00",118.191328,24.484256,,89.0,1
908,"2022-05-17 00:00:00",118.192759,24.486764,,73.0,1
909,"2022-05-15 16:00:00",118.201936,24.499102,,75.0,1
910,"2022-05-14 23:00:00",118.199314,24.49816,,84.0,1
911,"2022-05-15 10:00:00",118.191293,24.48018,,72.0,1
912,"2022-05-14 17:00:00",118.202153,24.483998,,68.0,0
913,"2022-05-14 22:00:00",118.200585,24.482276,,78.0,1
914,"2022-05-13 03:00:00",118.198899,24.493727,,88.0,1
915,"2022-05-13 10:00:00",118.200001,24.497333,,72.0,1
916,"2022-05-15 05:00:00",118.192086,24.479528,,62.0,0
917,"2022-05-13 12:00:00",118.196897,24.487104,,68.0,0
918,"2022-05-14 10:00:00",118.195759,24.487975,,79.0,1
919,"2022-05-14 04:00:00",118.192277,24.489516,,63.0,0
920,"2022-05-15 05:00:00",118.20162,24.492318,,75.0,1
921,"2022-05-16 01:00:00",118.196678,24.488382,,75.0,1
922,"2022-05-17 03:00:00",118.191313,24.481595,,80.0,1
923,"2022-05-15 03:00:00",118.192292,24.488475,,84.0,1
924,"2022-05-16 20:00:00",118.147464,24.524984,,81.0,1
925,"2022-05-16 10:00:00",118.142405,24.533805,,76.0,1
926,"2022-05-14 04:00:00",118.152706,24.521836,,78.0,1
927,"2022-05-14 05:00:00",118.153553,24.536409,,65.0,0
928,"2022-05-16 03:00:00",118.154684,24.513173,,70.0,0
929,"2022-05-15 14:00:00",118.149017,24.516286,,67.0,0
930,"2022-05-17 03:00:00",118.157017,24.534961,,66.0,0
931,"2022-05-16 12:00:00",118.139302,24.52705,,65.0,0
932,"2022-05-13 15:00:00",118.147802,24.523554,,66.0,0
933,"2022-05-16 06:00:00",118.14938,24.53891,,75.0,1
934,"2022-05-13 00:00:00",118.145229,24.527736,,90.0,1
935,"2022-05-13 18:00:00",118.149399,24.519596,,88.0,1
936,"2022-05-17 09:00:00",118.159934,24.53582,,71.0,1
937,"2022-05-13 04:00:00",118.156879,24.512878,,78.0,1
938,"2022-05-16 09:00:00",118.147053,24.523211,,72.0,1
939,"2022-05-14 22:00:00",118.135377,24.509346,,72.0,1
940,"2022-05-13 03:00:00",118.161343,24.513555,,74.0,1
941,"2022-05-13 09:00:00",118.124912,24.514974,,79.0,1
942,"2022-05-15 02:00:00",118.128817,24.51724,,87.0,1
943,"2022-05-12 20:00:00",118.129346,24.529581,,81.0,1
944,"2022-05-16 13:00:00",118.137432,24.511988,,66.0,0
945,"2022-05-16 18:00:00",118.149399,24.522302,,78.0,1
946,"2022-05-16 16:00:00",118.141277,24.538225,,61.0,0
947,"2022-05-15 19:00:00",118.142986,24.515176,,82.0,1
948,"2022-05-16 13:00:00",118.140141,24.514006,,69.0,0
949,"2022-05-12 20:00:00",118.157339,24.510549,,68.0,0
950,"2022-05-17 03:00:00",118.138757,24.531328,,77.0,1
951,"2022-05-14 19:00:00",118.159381,24.533515,,73.0,1
952,"2022-05-15 02:00:00",118.149892,24.519922,,87.0,1
953,"2022-05-13 15:00:00",118.124743,24.535672,,86.0,1
954,"2022-05-15 11:00:00",118.150168,24.530762,,80.0,1
955,"2022-05-13 23:00:00",118.134043,24.520139,,90.0,1
956,"2022-05-16 00:00:00",118.161869,24.540397,,75.0,1
957,"2022-05-15 19:00:00",118.156457,24.519728,,79.0,1
958,"2022-05-13 11:00:00",118.148934,24.527156,,70.0,0
959,"2022-05-12 13:00:00",118.149142,24.514245,,74.0,1
960,"2022-05-15 00:00:00",118.161424,24.53053,,77.0,1
961,"2022-05-14 20:00:00",118.131238,24.514442,,73.0,1
962,"2022-05-16 18:00:00",118.124413,24.522499,,76.0,1
963,"2022-05-16 23:00:00",118.125351,24.510145,,68.0,0
964,"2022-05-16 23:00:00",118.126019,24.517723,,89.0,1
965,"2022-05-16 15:00:00",118.151563,24.528136,,67.0,0
966,"2022-05-14 20:00:00",118.148448,24.521318,,82.0,1
967,"2022-05-16 19:00:00",118.152818,24.523062,,64.0,0
968,"2022-05-17 01:00:00",118.143887,24.528348,,80.0,1
969,"2022-05-17 09:00:00",118.140011,24.538728,,74.0,1
970,"2022-05-13 08:00:00",118.153321,24.513284,,80.0,1
971,"2022-05-17 05:00:00",118.14677,24.531942,,82.0,1
972,"2022-05-13 12:00:00",118.125721,24.523604,,72.0,1
973,"2022-05-13 14:00:00",118.134342,24.536616,,83.0,1
974,"2022-05-14 22:00:00",118.132339,24.515911,,78.0,1
975,"2022-05-16 09:00:00",118.127451,24.526188,,89.0,1
976,"2022-05-14 16:00:00",118.136129,24.530667,,74.0,1
977,"2022-05-06 21:00:00",118.139965,24.522744,,87.0,1
978,"2022-05-13 00:00:00",118.135321,24.51687,,84.0,1
979,"2022-05-16 21:00:00",118.136118,24.535856,,62.0,0
980,"2022-05-13 00:00:00",118.151575,24.535485,,72.0,1
981,"2022-05-17 00:00:00",118.156353,24.512791,,86.0,1
982,"2022-05-13 15:00:00",118.148725,24.516565,,63.0,0
983,"2022-05-14 17:00:00",118.155584,24.508887,,62.0,0
984,"2022-05-15 04:00:00",118.146515,24.532507,,62.0,0
985,"2022-05-14 06:00:00",118.13973,24.521785,,68.0,0
986,"2022-05-13 10:00:00",118.14599,24.527639,,79.0,1
987,"2022-05-16 23:00:00",118.128183,24.510283,,75.0,1
988,"2022-05-17 04:00:00",118.131438,24.511343,,88.0,1
989,"2022-05-12 12:00:00",118.12805,24.520155,,85.0,1
990,"2022-05-13 13:00:00",118.130226,24.512306,,75.0,1
991,"2022-05-12 18:00:00",118.158838,24.534451,,72.0,1
992,"2022-05-15 18:00:00",118.131088,24.530252,,62.0,0
993,"2022-05-13 01:00:00",118.123528,24.528694,,79.0,1
994,"2022-05-15 15:00:00",118.138441,24.521905,,82.0,1
995,"2022-05-16 13:00:00",118.137336,24.539814,,76.0,1
